<?xml version="1.0" encoding="utf-8"?>
<autokomis>
  <!--autokomis - tylko marka: Subaru-->
  <samochod>
    <id>sam1</id>
    <marka>Subaru</marka>
    <model>Impreza</model>
    <rocznik>1999</rocznik>
    <pojemnosc>2.0</pojemnosc>
    <cena>63000</cena>
    <wyposazenie_dod>
      <kolor>czarna perła</kolor>
      <klimatyzacja>TRE42435</klimatyzacja>
    </wyposazenie_dod>
  </samochod>
  <samochod>
    <id>sam2</id>
    <marka>Subaru</marka>
    <model>Outback</model>
    <rocznik>2015</rocznik>
    <pojemnosc>2.4</pojemnosc>
    <cena>98000</cena>
    <wyposazenie_dod>
      <poduszki>4</poduszki>
      <klimatyzacja>TRE65446</klimatyzacja>
    </wyposazenie_dod>
  </samochod>
</autokomis>
